<?xml version="1.0" encoding="UTF-8" standalone="yes"?>
<addon id="service.subtitles.titlovi" name="Titlovi.com" version="1.9.0" provider-name="dEXE">
	<requires>
		<import addon="xbmc.python" version="3.0.0" />
		<import addon="script.module.chardet" version="5.1.0" />
		<import addon="script.module.requests" version="2.31.0" />
	</requires>
	<extension point="xbmc.subtitle.module" library="service.py" />
	<extension point="xbmc.addon.metadata">
		<summary lang="en_gb">Titlovi.com Official Subtitles Addon</summary>
		<summary lang="sr_rs">Titlovi.com званични додатак за титлове</summary>
		<summary lang="sr_rs@latin">Titlovi.com zvanični dodatak za titlove</summary>
		<summary lang="hr_hr">Titlovi.com službeni dodatak za titlove</summary>
		<summary lang="bs_ba">Titlovi.com službeni dodatak za titlove</summary>
		<summary lang="mk_mk">Titlovi.com официјален додаток за преводи</summary>
		<summary lang="sl_si">Titlovi.com uradni dodatek za podnapise</summary>
		<description lang="en_gb">[CR]Search and download subtitles for Movies, Documentaries and TV Series from [B]Titlovi.com[/B].[CR][CR]Supported languages: English, Serbian, Croatian, Bosnian, Macedonian and Slovenian.</description>
		<description lang="sr_rs">[CR]Претражите и преузмите титлове за филмове, документарце и ТВ серије са [B]Titlovi.com[/B].[CR][CR]Подржани језици: енглески, српски, хрватски, босански, македонски и словеначки.</description>
		<description lang="sr_rs@latin">[CR]Pretražite i preuzmite titlove za filmove, dokumentarce i TV serije sa [B]Titlovi.com[/B].[CR][CR]Podržani jezici: engleski, srpski, hrvatski, bosanski, makedonski i slovenački.</description>
		<description lang="hr_hr">[CR]Pretražite i preuzmite titlove za filmove, dokumentarce i TV serije s [B]Titlovi.com[/B].[CR][CR]Podržani jezici: engleski, srpski, hrvatski, bosanski, makedonski i slovenski.</description>
		<description lang="bs_ba">[CR]Pretražite i preuzmite titlove za filmove, dokumentarce i TV serije sa [B]Titlovi.com[/B].[CR][CR]Podržani jezici: engleski, srpski, hrvatski, bosanski, makedonski i slovenski.</description>
		<description lang="mk_mk">[CR]Пребарувајте и преземајте преводи за филмови, документарни филмови и ТВ серии од [B]Titlovi.com[/B].[CR][CR]Поддржани јазици: англиски, српски, хрватски, босански, македонски и словенечки.</description>
		<description lang="sl_si">[CR]Iščite in prenesite podnapise za filme, dokumentarne filme in TV serije s [B]Titlovi.com[/B].[CR][CR]Podprti jeziki: angleščina, srbščina, hrvaščina, bosanščina, makedonščina in slovenščina.</description>
		<disclaimer lang="en_gb">Users need to provide [B]Titlovi.com[/B] username and password in add-on configuration,[CR]and ensure that API access is enabled for their account on the server.</disclaimer>
		<disclaimer lang="sr_rs">Корисници морају да унесу [B]Titlovi.com[/B] корисничко име и лозинку у подешавањима додатка,[CR]и да провере да ли је API приступ омогућен за њихов налог од стране сервера.</disclaimer>
		<disclaimer lang="sr_rs@latin">Korisnici moraju da unesu [B]Titlovi.com[/B] korisničko ime i lozinku u podešavanjima dodatka,[CR]i da provere da li je API pristup omogućen za njihov nalog od strane servera.</disclaimer>
		<disclaimer lang="hr_hr">Korisnici moraju upisati [B]Titlovi.com[/B] korisničko ime i lozinku u postavke dodatka,[CR]te osigurati da je API pristup omogućen za njihov račun na poslužitelju.</disclaimer>
		<disclaimer lang="bs_ba">Korisnici moraju unijeti [B]Titlovi.com[/B] korisničko ime i lozinku u postavkama dodatka,[CR]i osigurati da je API pristup omogućen za njihov račun od strane servera.</disclaimer>
		<disclaimer lang="mk_mk">Корисниците треба да внесат корисничко име и лозинка за [B]Titlovi.com[/B] во конфигурацијата на додатокот,[CR]и да се осигураат дека АПИ пристапот е овозможен за нивната сметка од страна на серверот.</disclaimer>
		<disclaimer lang="sl_si">Uporabniki morajo vnesti uporabniško ime in geslo za [B]Titlovi.com[/B] v nastavitvah dodatka ter zagotoviti,[CR]da je dostop do API-ja omogočen za njihov račun na strežniku.</disclaimer>
		<language>en sr hr bs mk sl</language>
		<platform>all</platform>
		<license>GPL-2.0-only</license>
		<forum>https://kodi.titlovi.com</forum>
		<website>https://titlovi.com</website>
		<email>info [at] titlovi {dot} com</email>
		<source>https://github.com/deklica/service.subtitles.titlovi</source>
		<news>[COLOR darkgoldenrod]Titlovi.com Addon - Changelog[/COLOR]

[COLOR dodgerblue][B]v1.9.0 (28.04.2025.)[/B][/COLOR]
[B]Promene:[/B]
- Potpuno prerađen kod, sređen i optimizovan uz brojne izmene i dodatke
- Dorađeno logovanje i notifikacije, za logovanje dodat svič u podešavanjima (da bi se videlo podešavanja moraju da budu na Expert)
- Dodate mnogobrojne opcije u podešavanjima
- Dorađena normalizacija stringova i pretvaranje ćirilice u latinicu i obrnuto (sad se prebacivanje radi samo u zavisnosti da li je potrebno, engleski titlovi se preskaču)
- U ručnoj pretrazi dopušten je unos IMDb broja, naziva filma/serije, godine i sezone/epizode u formatu S00E00 ili 01x02 (sezona može da bude do 4 cifre, epizoda do 3)
- Dodata detekcija IMDb ID, čak i kad nije pušten video, tako da možete proveriti za naslov, sezonu ili epizodu da li postoje titlovi, bez prethodnog pokretanja videa (potrebno je instalirati SubLoader addon iz mog Repa)
- Prerađeno keširanje koje sad koristi interni modul umesto spoljne zavisnosti
- Sređena sva vrsta grešaka kod logovanja, dobijanja tokena i sl.
- Sad možete koristiti interne jezike za pretragu titlova, nezavisno od podešavanja u Kodiju
- Izmenjen način učitavanja titlova i funkcionisanja sa disk kešom
- Rezultati pretrage daju konkretne rezultate za traženi pojam
- i još mnogo, što sitnih što krupnih izmena kojih se i ne sećam :)


[COLOR dodgerblue][B]v1.3.0 (28.02.2022)[/B][/COLOR]
[B]Promene:[/B]
- promenjen ID addona
- prerađen oficijalni addon v1.2.0

[B]Ispravke:[/B]
- pronalaženje titlova serija koje u imenu fajla imaju naziv epizode
- pronalaženje i prikaz i ćiriličnih titlova ukoliko je izabran srpski jezik
- pronalaženje sezonskih titlova (cela sezona u jednom fajlu, Netflix), posledica toga je da za pojedinačne titlove izbacuje u prikazu sve titlove sezone umesto samo za datu epizodu
- omogućena i jednocifrena pretraga sezona i epizoda (dozvoljen format je 'S##E##', broj ## je ranga 0-99)
- sređena notifikacija/greška koja izlazi ukoliko ne nađe nikakav rezultat
- sređen prikaz svih notifikacija/grešaka
- sređeno da ukoliko nisu uneti podaci za logovanje u podešavanjima, iskoči prozor za unošenje istih
- sređeno sortiranje titlova iz zip fajla sezone, koji se randomizirao ukoliko je već skinut i čita se iz keša
- izmenjen prikaz rezultata pretrage, radi lakšeg izbora titla:
	- ispis naziva serije/filma
	- dodata godina (naročito korisno kod filmova sa istim nazivom iz različitih godina)
	- sređen prikaz sezone/epizode

[B]Dodato:[/B]
- srpski jezik interfejsa
- prikaz logo-a
- izmene tektualno-vizuelne i u strukturi fajlova


[COLOR dodgerblue][B]v1.2.0 (tturkalj)[/B][/COLOR]
- Kodi Matrix (v19) nadogradnja (hvala tturkalj na izvornom kodu)

[COLOR dodgerblue][B]v1.1.0 (tturkalj)[/B][/COLOR]
- Novi oficijalni dodatak

[COLOR dodgerblue][B]v1.1.2 (mikimac, amet)[/B][/COLOR]
- Prvi Titlovi.com dodatak (vredno pomena)
		</news>
		<assets>
			<icon>icon.png</icon>
			<fanart>fanart.jpg</fanart>
			<banner></banner>
			<clearlogo></clearlogo>
			<screenshot>resources/media/screenshot-1.jpg</screenshot>
			<screenshot>resources/media/screenshot-2.jpg</screenshot>
			<screenshot>resources/media/screenshot-3.jpg</screenshot>
			<screenshot>resources/media/screenshot-4.jpg</screenshot>
			<screenshot>resources/media/screenshot-5.jpg</screenshot>
		</assets>
	</extension>
</addon>
